time,connect,request 
10,141.3310546875,212.10693359375 
20,141.3310546875,212.10693359375 
30,141.3310546875,212.10693359375 
