time,connect,request 
10,31.583984375,30.826416015625 
20,1.5769728849933342,3.770177873790998 
30,9.102105824012064,11.32822319134363 
