time,session 
10,39.196533203125 
20,3.7329771989593357 
30,11.327785096312443 
