time,connect,request 
10,109.7470703125,181.280517578125 
20,66.54768880208333,136.41300455729166 
30,74.85099283854167,156.01236979166666 
