time,page 
10,150.4541015625 
20,132.64501953125 
30,132.64501953125 
