time,size_rcv,size_sent 
10,0.0015625,0.225 
20,0.00234375,0.3375 
30,0.00234375,0.3375 
