time,load@tsung_controller@Wonko-the-Sane 
0,2.29296875 
10,2.29296875 
20,2.29296875 
30,2.29296875 
