time,session 
10,231.26220703125 
20,231.26220703125 
30,231.26220703125 
