time,load@tsung_controller@Wonko-the-Sane 
0,2.29296875 
10,2.2421875 
20,2.203125 
30,2.171875 
