time,freemem@tsung_controller@Wonko-the-Sane 
0,22.33203125 
10,22.33203125 
20,22.33203125 
30,106.54296875 
