time,session 
10,192.065673828125 
20,137.95174153645834 
30,157.89192708333334 
