time,connect,request 
10,78.1630859375,150.4541015625 
20,64.337890625,132.64501953125 
30,64.337890625,132.64501953125 
