time,freemem@tsung_controller@Wonko-the-Sane 
0,22.33203125 
10,18.625 
20,17.23046875 
30,17.23046875 
