time,page 
10,212.10693359375 
20,212.10693359375 
30,212.10693359375 
