time,size_rcv,size_sent 
10,0.0015625,0.225 
20,0.00390625,0.5625 
30,0.00625,0.9 
