time,page 
10,181.280517578125 
20,136.41300455729166 
30,156.01236979166666 
