time,session 
10,152.869140625 
20,134.2080078125 
30,134.2080078125 
