time,page 
10,30.826416015625 
20,3.770177873790998 
30,11.32822319134363 
