time,freemem@tsung_controller@Wonko-the-Sane 
0,21.09765625 
9,21.27734375 
19,23.7890625 
29,23.7890625 
39,23.7890625 
49,23.98046875 
59,23.98046875 
69,23.98046875 
79,23.98046875 
89,23.98046875 
99,23.98046875 
109,23.98046875 
119,34.02734375 
129,80.33984375 
139,81.25 
149,81.25 
159,81.25 
169,81.76953125 
179,81.76953125 
