time,session 
9,0.666666666666667 
19,0.222222222222222 
29,0.333333333333333 
39,0.222222222222222 
49,0.222222222222222 
59,0 
69,1 
79,1.22222222222222 
89,0.444444444444444 
99,1.22222222222222 
109,1.22222222222222 
119,1.44444444444444 
129,1.44444444444444 
139,0.888888888888889 
149,1.77777777777778 
159,0.444444444444444 
169,0 
179,3.22222222222222 
