time,newphase 
59,0.111111111111111 
69,0 
79,0 
89,0 
99,0 
109,0 
119,0 
129,0 
139,0 
149,0 
159,0 
169,0 
179,0.111111111111111 
