time,session 
7,0.714285714285714 
17,0.571428571428571 
27,0.142857142857143 
37,0.285714285714286 
47,1.28571428571429 
57,1.85714285714286 
67,1.14285714285714 
77,1 
87,0.714285714285714 
97,1.14285714285714 
107,1 
117,0.571428571428571 
127,0.857142857142857 
137,1.57142857142857 
147,1.42857142857143 
157,10.8571428571429 
165,3.85714285714286 
