time,newphase 
37,0.142857142857143 
47,0 
57,0 
67,0 
77,0 
87,0 
97,0 
107,0 
117,0 
127,0 
137,0 
147,0 
157,0.142857142857143 
165,0 
